5055,com,image/out/81623a6424304f6974479182de514ecf5b8c391a.jpg,http://activities.aliexpress.com/baby_steps.php,209,187,143,190,385,v
5084,pl,image/out/030bcfe34256c49c634e211b431966c735d87baf.jpg,http://go.pol.bbelements.com/please/redirect/1234567/0/0/33/?param=175460/212077_0_http://www.filmweb.pl/showtimes,231,188,71,300,600,v
5096,com,image/out/08b898238fa378f27e8e6d411d2d4d3521dd502a.jpg,https://secure.feedingamerica.org/site/SPageServer/?pagename=FY14_Awareness_Campaign_Earn_Your_Wings,247,158,19,160,600,v
5109,br,image/out/3d6a937c7b7cd578c28f27548a56118d5ae2ed3b(.),http://adclick.g.doubleclick.net/aclk?sa=L&ai=BbLgx5B5eU8iuHsO08gX_44DQA6aH2asFAAAAEAEgjuiuITgAWK7Qp_C0AWCJ-8WE9BOyAQ53d3cudW9sLmNvbS5icroBCWdmcF9pbWFnZcgBCdoBFmh0dHA6Ly93d3cudW9sLmNvbS5ici-pAqbEwEDS450-wAIC4AIA6gIaLzg4MDQvdW9sL2hvbWUvMjAweDQ0Nl90b3D4AoLSH,94,144,51,200,446,v
5110,br,image/out/da9eddbcf9381da5e2bef034c3250de4922309bd.jpg,http://adclick.g.doubleclick.net/aclk?sa=L&ai=CzdRv5B5eU8euHsO08gX_44DQA-b416sFAAAQASCO6K4hYIn7xYT0E8gBCakCpsTAQNLjnT7gAgCoAwGqBHVP0HTYswaqGZmGW0tUjXsIN1FQZ9n75kxyPPcTDSgvNqFljuZHwUijCjbSy-X1K-Z2Z9buZ3S0uu-ut-_76rlrGrF3CxmS_ncpt7FG0vQs8ll-D-bV0YNIhL9mHoU_c,153,157,148,300,600,v
5130,tr,image/out/5e3b40ece9fde9817e95ce9aeb1f34cad72a6bb6.jpg,http://app.medyanetads.com/redir.a2?ciid=391015&tid=10003&lid=0&led=0&publisher=hurriyet&URL=http://app.medyanetads.com/shorty.a2?k=b1e28z,169,171,167,160,600,v
5139,net,image/out/6f81d2d8a617b8fda2e59d393ddd14f9bae30e11.jpg,http://180.148.142.153/clk.aspx?lg=-1&t=5&i=0&b=78493&s=46&r=0&c=1000000&p=112&n=0&l=http://bs.serving-sys.com/BurstingPipe/adServer.bs?cn=tf&c=20&mc=click&pli=9751711&PluID=0&ord=[timestamp]&uc=32&uv=undefined&ud=1440x900&rd=0.0611011644359678&ui=UNKNOW-1,192,199,204,120,300,v
5156,vn,image/out/50a9ef2798e11da85438cd55e81d51c45e409fda.gif,http://c.logging.admicro.vn/_adc.html?adm_domain=http://dantri.com.vn/&adm_campaign=1048273&adm_aditem=270423&adm_zoneid=228&adm_channelid=-1&adm_rehttp=http://pico.vn/10-ngay-dai-ha-gia-chao-mung-ngay-le-304--15-ban-tin-1587.html&adm_random=0.762904602102,181,74,71,160,600,v
5171,ru,image/out/e2ef07cec5c8b06d21905c8501f94a85d16923af.gif,http://ad.adriver.ru/cgi-bin/click.cgi?sid=48250&ad=457836&bid=3261611&bt=52&bn=2&pz=4&xpid=BF5US-xc3ZWUq-DQsNM8-wk3fcxg&ref=http://www.gismeteo.ru/&custom=1=sun;2=15-20&rleurl=,161,174,140,240,400,v
5176,com,image/out/0d8d6ee478289688589e9feea6c34ab4942d7ac4(.),http://adclick.g.doubleclick.net/aclk?sa=L&ai=BNl3uPSJeU6WEEIm08gXvtIHoAuyak-oEAAAAEAEgjKS3HTgAWMTO6u67AWCJ-8WE9BOyAQplbHBhaXMuY29tugEJZ2ZwX2ltYWdlyAEJ2gESaHR0cDovL2VscGFpcy5jb20vqQKq_bTSZkO3PsACAuACAOoCIS83ODExNzQ4L2VscGFpc193ZWIvcG9ydGFkYS9OU1REM_gCgtIeg,198,181,155,120,180,v
5181,fr,image/out/3c2b23a7a0c7d4693c03eadf92c2d68e4d469abb.jpg,http://ww84.smartadserver.com/diff/84/3226251/go0.asp?3226251;17155;9004881596453642265;3025540998;S;10324880;clickvars=,111,97,75,300,600,v
5191,com,image/out/ad143a65aab6003ea9412412ca17c1e4a434edfd.jpg,http://srx.main.ebayrtm.com/clk?RtmClk&lid=1668203&m=440603&pg=2050601&aii=6521653402946366248&u=1H4sIAAAAAAAAAFP2zc9TcCwoUjCyUDAwsTKytDIxU/ANDlEwMjA04eXKzEyxNTM1MjQzNTYxMLI0MTM2MzMyseDlAgANjz1IOAAAAA==&i=-9999&g=a81913671450a620d7340e25fff99669&uf=0,211,208,213,160,600,v
5198,com,image/out/b50e6fc19ba673371f96982d9cb7e21be8484873.jpg,http://activities.aliexpress.com/knit.php,92,83,80,190,385,v
5204,com,image/out/f91ffa542e14cae7473d0d9d9e31dd584f0234a8.gif,http://www.networkadvertising.org/understanding-online-advertising,104,96,153,160,600,v
5214,br,image/out/cd2d1605d5b89d4a89a2452365c648154c0aa3c9.jpg,http://adclick.g.doubleclick.net/aclk?sa=L&ai=CmRyI0EBeU5X3BcXh8QWcjYDYDub416sFAAAQASCO6K4hYIn7xYT0E8gBCakCpsTAQNLjnT7gAgCoAwGqBHVP0KZImQyh1c8z3pgqjbPwwcvUn9DyKZUhKczMExNLFtzMhK05A6Z7DZeNfCnYhsz3aoBI2s1GAdlfSq7f8BkwzjiX00SwCQWcNEHyN0WhATJvdWLTAYzGG63lKUkWB,153,157,148,300,600,v
5222,tr,image/out/9edd58b80d70362205cb16adf21f9a13d4139275(.),http://googleads.g.doubleclick.net/aclk?sa=l&ai=CNlcCk0FeU-uGJIq28gWvz4CQCv_V9oMFj6rOlKcBgtDd8TQQASDcqPgdUKyyye8CYIn7xYT0E6ABybPF2gPIAQKpAri1RLUpAkU-4AIAqAMByAOdBKoEgwFP0AUeoVc8LI8W7Lu-6jibLMD-NqpKwmlScY0UsIL4sR3NEXkmIVyEp96HIegYrjzippUJ3AeDCb5NnmG7W2Ui7Xf,130,95,106,160,600,v
5224,tr,image/out/504a29c8c70768d0f6c38261841e9a7d6978dcfb(.),http://googleads.g.doubleclick.net/aclk?sa=L&ai=CELq7k0FeU7X6I4208AXR0YDwB4qwudsEqsSK14AByZ7GwgYQASDcqPgdUIXw5uj8_____wFgifvFhPQTyAECqQKvbJFNbxaWPuACAKgDAcgDnQSqBIMBT9CQsHk09JYfJ-XNbkOsYEDYvpG3Ho06JToBY5NJO-CBVjtL9yzzErHWmyoXvgO-J4hJSDpqXvCDJgXLeGkjEPRL2kG,132,106,105,300,600,v
5247,vn,image/out/3eb04ebf7b4866aba7eff9b22371110b4ef41959.jpg,http://c.logging.admicro.vn/_adc.html?adm_domain=http://dantri.com.vn/&adm_campaign=1043583&adm_aditem=260260&adm_zoneid=227&adm_channelid=-1&adm_rehttp=http://www.dangquangwatch.vn/?utm_source=AdMicro&utm_medium=CPD&utm_campaign=&adm_random=0.568921241909,146,140,119,160,600,v
5248,vn,image/out/6bf425c1d4ea3fd93cc1a2110e20f1d4f721fe0e.jpg,http://c.logging.admicro.vn/_adc.html?adm_domain=http://dantri.com.vn/&adm_campaign=1044096&adm_aditem=254936&adm_zoneid=227&adm_channelid=-1&adm_rehttp=http://adi.vcmedia.vn/htmlads/trang_html/04.2014/gallewatch/index.html&adm_random=0.14768869685940444,89,103,111,120,600,v
5262,nl,image/out/dae734485b69f31e9cef6b7e56480c48c7d1b7a7.gif,http://ad.360yield.com/click/XsMHpNSivl6DKhodGxoGRV7UbWZ8HXTLl5yWqRfWh4gGt1OCz3TRfX3QPMkn57kIx2ZLD06ChTNJsiA9QcZXBZp8wwABZVzGtHv.kBs5g9zuuE0bsoSYEY3eiHMpg6I8fusEzWA8xbPY3IuqwVsHRSSwd83Nv1TNBD60T-vYKB22f9d2aDRj9HCa9HnjNp.m0iFqHmHshoLSi16wzqYJvCE80KU54KOG6tI,221,197,190,160,600,v
5270,org,image/out/776bdcb6c98cf913851e4cc657a569aff0426deb.gif,http://www.networkadvertising.org/understanding-online-advertising,102,94,152,160,600,v
5273,com,image/out/bb730010c4bf7e4ea062297886fac7fa898b4c27.gif,http://regie.espace-plus.net/www/delivery/ck.php?&esp_id=71267&esp_tracker=ZT-160600MNS&oaparams=2__bannerid=14502__zoneid=16862__cb=da9b8e938c__maxdest=http://www.espace-plus.net/redir/rotation_redir.php?id_rotation=509&w=0&e=1&soft=1,121,124,128,160,600,v
5276,to,image/out/f1ed95b297d65312e002ffb5451cf2cf2f7d9225.jpg,,137,102,81,120,600,v
5280,org,image/out/d3bcc869608e53fe5a61119c847b5e5fea75630f.jpg,http://www.teach.org/,103,96,92,160,600,v
5282,com,image/out/b8b131a34a3786cdfdce7602c1f6f535c717a166.gif,http://regie.espace-plus.net/www/delivery/ck.php?&esp_id=71267&esp_tracker=ZT-160600MNS&oaparams=2__bannerid=14495__zoneid=16862__cb=46b478a3a5__maxdest=http://www.espace-plus.net/redir/rotation_redir.php?id_rotation=453&w=0&e=1,171,157,164,160,600,v
5304,org,image/out/bf8f9314194993191b27901a4181c403c09c517e.jpg,http://www.safercar.gov/therightseat,218,184,39,160,600,v
5306,com,image/out/adfc9be02a6f042f80c4f5ff35da4e9599a79f71.gif,http://regie.espace-plus.net/www/delivery/ck.php?&esp_id=71267&esp_tracker=ZT-160600MNS&oaparams=2__bannerid=15083__zoneid=16862__cb=984d873081__maxdest=http://www.espace-plus.net/redir/rotation_redir.php?id_rotation=510&soft=1&w=0&e=1,165,157,150,160,600,v
5309,to,image/out/f7439a6dfd570b94ea3a486ad1fbbb960096e663.png,,28,143,184,120,600,v
5318,br,image/out/17037f5bdf97cf5ec3c2d4c5ac36fd357c60e19c.jpg,http://adclick.g.doubleclick.net/aclk?sa=L&ai=CR3sldl5eU5v5Go-v8AXT94KYCpaOxp8FAAAQASCO6K4hYIn7xYT0E8gBCakCLCFlRVr5nT7gAgCoAwGqBHRP0ObZtPAXB4EIck-bKX278UgXjVMiRSYnHx25-pjzwLsqhSp7vf6JU2bLD0hA6nracJHSUBsJLevnGxQLvYLj3OxLlJ9ZHFtkSVgENu7kQrTAb16NI8-cIDaU3y1Dz,229,223,216,300,600,v
5368,de,image/out/281bccfe995a584515ad8535de724712fdcbe81a(.),http://adclick.g.doubleclick.net/aclk%3Fsa%3DL%26ai%3DBVfhfM3BeU9vYHaOrmgWvp4HQC-rM2_gEAAAAEAEgADgAWLqki6ucAWCJ-8WE9BOCARdjYS1wdWItNTA1Mzk3NjI2MjcxMzc0NLIBEnd3dy5hdXRvc2NvdXQyNC5kZboBCWdmcF9pbWFnZcgBCdoBGmh0dHA6Ly93d3cuYXV0b3Njb3V0MjQuZGUvqQImm7KgHkW3PsACA,145,146,145,200,1000,v
5475,com,image/out/3b36223814298fdda88b1d5ac52d07fa9eb29a9d.gif,http://ad.adverticum.net/C/7000615/7007903/700790200/1398698317805/www.polovniautomobili.com/7007899?u=0000000,10,11,11,120,600,v
5480,kz,image/out/b1a65d4d30173acd143eaa93a10a9ba2e38cd67e(.),http://googleads.g.doubleclick.net/aclk?sa=L&ai=CwbiVEnFeU5WiHNWo8gXW44GADpCJ8NQEAAAQASCY69cZUOb-uLT-_____wFgifvFhPQTyAED4AIAqAMByAOdBKoEZU_Qa7TPxP6awzMO80NXT8lOe4Jlik4DFOo2obXpiCOPHn3GOi9zeQaRZJir3rMG8VkJtVDyg0LBMxw4Vv_Zg1VH7-KSYDUkRIG3VABePKWyhCt39BLy0Ob,68,72,70,240,400,v
5483,ee,image/out/0250b515db1fb459b35199abc9f5b9cc0bc6e54b.png,http://www.auto24.ee/ads/www/delivery/ck.php?oaparams=2__bannerid=2435__zoneid=528__cb=67ba3d960a__oadest=http://alvadi.ee/p/840/kataloog/,219,173,174,200,250,v
5495,pl,image/out/23a80ec7d8f45622d88008afd6a5a737827b32b6.jpg,http://adv.wp.pl/RM/click_lx.ads/moto.wp.pl/index.html/L21/1577053314/r37/OasDefault/Eshop62992_ros_mix/61597a516877.html/323238304b314e656274774144762b71?_RM_REDIR_=http://corto.www.wp.pl/as/eshop62992_galaxy.html,197,85,156,300,600,v
5528,ru,image/out/d0e5fbb4094b0fcb550c8cbe1241f79c52f9ab7e.gif,http://ad.adriver.ru/cgi-bin/click.cgi?sid=69052&ad=464374&bid=3327928&bt=52&bn=1&pz=2&xpid=BKRuFg0SKynNas6Wb2TyRHlkohVM&ref=http://www.f1news.ru/&custom=&rleurl=,36,42,49,240,400,v
5534,com,image/out/a2792e7d8d582f3c699bf6b3a03319ee464c2803.jpg,http://www.summitracing.com/latemodel,121,96,92,114,221,v
5535,com,image/out/88a90bb08678af6a91d016d7ca10a58afec55773.jpg,http://www.summitracing.com/truck-suv-jeep,94,79,80,114,221,v
5536,com,image/out/ef581248d8e4dba0c195c1af186ada8b9fed2c29.jpg,http://www.summitracing.com/tools-paint-body,166,109,95,114,221,v
5537,com,image/out/8f559a38a4816b87c4fd48c934d48d0862039857.jpg,http://www.summitracing.com/circle-track,139,97,89,114,221,v
5538,com,image/out/a6bf7fe3281c79037a06b964ddbb1ebacc84fa20.jpg,http://www.summitracing.com/restoration,167,159,153,114,221,v
5574,br,image/out/a93dc3b102031d0e41d71d8f7db378c8b99d33c8(.),,144,46,92,265,375,v
5581,com,image/out/93088c7b5c8f04f8a4c283c1c6f8a7f17e79175c.png,,122,113,100,118,157,v
5590,com,image/out/688193db3cd85c89a287a087c4a5a503c86f1a93(.),http://adclick.g.doubleclick.net/aclk%3Fsa%3DL%26ai%3DBosrOwHReU9OoL8uu8AWVyoHIB9enzsMFAAAAEAEgt-O4IDgAWNfBm_ORAWCJ-8WE9BOyAQx3d3cuc2VsZi5jb226AQlnZnBfaW1hZ2XIAQnaARRodHRwOi8vd3d3LnNlbGYuY29tL8ACAuACAOoCFC8zMzc5L3NlbGYuZGFydC9ob21l-AKC0h6QA-wJmAPgA6gDAdAEk,171,168,179,300,600,v
5627,ru,image/out/0b78297d4bb52c3787be14127747eb6cf09c824f.gif,http://ad.adriver.ru/cgi-bin/click.cgi?sid=73106&ad=319094&bid=3326914&bt=52&bn=1&pz=0&xpid=BV_QmixrAMoNTUi0_ufBcU11wLzc&ref=http://www.mhealth.ru/&custom=&rleurl=,224,205,190,240,400,v
5630,com,image/out/402d9232cd7a029cf69e00d5d8f92f88f1a46f6a.gif,https://optimized-by.rubiconproject.com/t/1032/13817/142646-9.3371636.3456360?url=https://www.edx.org/?utm_source=rubicon&utm_medium=adunits&utm_term=June2013&utm_content=160x600&utm_campaign=edX,211,220,230,160,600,v
5688,uk,image/out/0b2997e069087236a14bcb7f46b58a777694f711.jpg,http://www.fragrancedirect.co.uk/icat/cosmeticslips&source=lhs,197,156,163,187,320,v
5708,com,image/out/373ab7e9b3ae4e8a27c867161e4f4a5d6715aaed.jpg,http://dsp.send.microad.jp/v2/ma/cc?ep=3Oy8VVna5sI6HP4rosPU76xRuP6kzpQDGWjijwdZT1fPGtX7pyhtds9deiEKfx4jerNN9x1cuA8HHi0RfBvWE8B6G0qoRqPWXVSr_0d1lttQ&c=if&sct=http://s-dsp.send.microad.jp/cc?ep=FJz7Cnd9nPcZDx9GwxeYCy3A9ONAANPav0q0q3yPNEgSnsF9Ei4gwXgFKHiwYIM9,167,157,184,160,600,v
5726,com,image/out/e70c3781d745c76d01edf2e4b02d3bc264d5a498.jpg,http://theaudiobookbay.com/download-14-days-trial.php,52,128,158,160,600,v
5727,com,image/out/75b5f4e71b7866eb70e1060a727369ea88eb6fab.jpg,http://theaudiobookbay.com/download-14-days-trial.php,177,170,176,160,600,v
5730,org,image/out/c71b1a5cead3d2bc5bff8315fc13f214b7acc672.jpg,http://tululu.org/12_let.php?r=34583629,128,113,73,240,400,v
5746,de,image/out/40c30965a346b0e462ea41d7e5ac029f04eec2fc.jpg,http://www.thalia.de/shop/sale-13896/show/;jsessionid=A36BE63E596705F787D1C97B6C8FB939.tc4pc?intid=amc139098539610352,220,177,181,230,288,v
5749,de,image/out/a5c3a1c1f955cdb77099aa801753bb098b0352a9.jpg,http://www.thalia.de/shop/tolino-vision-ereader/show/;jsessionid=A36BE63E596705F787D1C97B6C8FB939.tc4pc?intid=amc139642120530651,188,193,178,230,288,v
5750,de,image/out/351317130332b6620fe3b913b958b4a6967effc3.jpg,http://www.thalia.de/shop/ebook-deal/show/;jsessionid=A36BE63E596705F787D1C97B6C8FB939.tc4pc?intid=amc138597104429497,199,216,203,230,288,v
5761,com,image/out/9b145eec7f6ceec41ad605b8bdbc1b04a5fe15a9.gif,http://boostnation.boostup.org/,186,75,8,160,600,v
5900,com,image/out/0c5d0bef9e93b546ee57d693566adda1848c7aeb(.),http://www.googleadservices.com/pagead/aclk?sa=L&ai=CBmjIroZeU-iKJsay8gXXjoLYBa7elsQEhpnB1WnOh7GotQEQASCX8JIaUOLug-QFYIn7xYT0E6AB4ozj9gPIAQLgAgCoAwHIA50EqgSGAU_QaWZDb4qx0AgKBn5WULzcNqeYiBn-uIRZc3hRCM6iEpMONDAGpanhy0XI1wjURzKgoVfjzH6yX-jJUw4710l0OGV2xg1U69d,236,235,232,120,600,v
5943,com,image/out/3b8d9a4d1feba5909b642f8fac88b89f0a01c98e.jpg,,114,192,134,51,74,v
5980,de,image/out/56d01c4ac01b2ce4f3a7692abe9e5ad16b258d89(.),http://adclick.g.doubleclick.net/aclk%3Fsa%3DL%26ai%3DBPDbu5IteU7_7H-ammQXhpoG4B6D61I0EAAAAEAEgADgAWNDu0MGQAWCJ-8WE9BOCARdjYS1wdWItNTE1MjY0ODA3OTQyMjc2NLIBD3d3dy5jaGVma29jaC5kZboBCWdmcF9pbWFnZcgBCdoBF2h0dHA6Ly93d3cuY2hlZmtvY2guZGUvqQKBG8Ll8zm3PsACAuACAOoCG,89,116,101,160,600,v
5991,com,image/out/aa839f3f29664f127b8264982f7d1e260b02dd78.jpg,http://cookpad.com/loading/ct/?crid=21504&pid=1,141,127,97,300,600,v
6008,com,image/out/3bc0dc0ac4ebbfa654bf0d56e078e21397637b21.gif,http://regie.espace-plus.net/www/delivery/ck.php?&esp_id=71267&esp_tracker=ZT-160600MNS&oaparams=2__bannerid=15037__zoneid=16862__cb=3511d19470__maxdest=http://www.espace-plus.net/redir/rotation_redir.php?id_rotation=453&soft=1&w=0&e=1,204,197,192,160,600,v
6021,cz,image/out/9ecc3fd02e40aadf4ff02b2338095616bf040a63.jpg,http://gdecz.hit.gemius.pl/hitredir/id=1vOaeKeBt_cwHA3qMTzPB_TSP32daKOTdUOmjQfy.xD.B7/fastid=hyyztvqdaktygvhyboolpmjsamns/stparam=rlhpclehpd/url=http://www.nejlepsi-autopujcka.cz/?utm_source=sauto.cz&utm_medium=banner&utm_content=300x600-homepage_homepage&,186,180,180,300,600,v
6030,com,image/out/4dbe65ad15f1a676518a6a0fd0c555bb3abbc046.gif,,235,239,232,120,600,v
6039,de,image/out/6846ac61febfe769c393bc00cdf4dd9290325ba1.jpg,http://ww251.smartadserver.com/diff/251/3220233/go4.asp?3220233;292181;0;1398746773841;V;systemtarget=$qc=1307675636;$ql=high;$qpc=162-0843;$qpp=0;$qt=36_1721_127139t;$b=14999;$o=12100;target=msKeyword=;msNodeType=B;msNodeName=deutschland;msRegionPlz=;msRe,198,168,169,160,600,v
6042,net,image/out/da958afbe149706425a236c89d2c6d20e24edb5f.png,http://rss2search.com/delivery/ck.php?oaparams=2__bannerid=2667__zoneid=124__cb=b1658e9c2f__afcid=2016__affr=click__oadest=http://www.hsselite.com/buy?s=Banner&m=Free&c=160x600VirtLoc,77,140,194,160,600,v
6154,ee,image/out/f349fde73842b58cdaf4cdf067b1906b21796f52.gif,http://www.auto24.ee/ads/www/delivery/ck.php?oaparams=2__bannerid=5644__zoneid=525__cb=d10a5c1912__oadest=http://www.avaruosad.ee/,141,126,125,200,250,v
6220,com,image/out/e22a8861b093f2c95f6ed5c6225805f5925c7387.png,http://www.vitaminshoppe.com/search/controller?N=15 200784497 200786280&type=group&groupId=sale&cm_sp=categorySearch-_-Brand-_-Kind&crawl=no&cm_sp=VSWeeklyDeal1-_-ItemSale-_-1405KindBarsSale&icn=VSWeeklyDeal5&ici=1405KindBarsSale,234,176,174,180,310,v
6221,com,image/out/0f7ec4c71f099400fdfeb8826bbc1a7debe3ff49.png,http://www.vitaminshoppe.com/search/controller?N=15 200784497&groupId=sale&type=group&cm_sp=VSVertical1-_-OnSale-_-1404Garcinia&icn=VSVertical1&ici=1404OnSale,241,235,236,184,360,v
6222,com,image/out/e6f63a81ea2165c09ca220f52a24ee874d19e0c8.png,http://www.vitaminshoppe.com/search/controller?tab_selection=&type=category&N=200787058&type=category&cm_sp=VSVertical2-_-Hot&New-_-1404VSBCoconutOil&icn=VSVertical2&ici=1404Hot-NewsCoconutOil,238,228,226,184,360,v
6223,com,image/out/52287bcf13f83e1415b8118ed09b7553313f2fa1.png,http://www.vitaminshoppe.com/search/controller?N=200786869&type=brand&cm_sp=VSVertical3-_-VitaminShoppe-_-1404VSBOmega3&icn=VSVertical3&ici=1404VSB,229,221,220,184,360,v
6224,com,image/out/bcc16be68a6aef08c63f591150f39cf1cebd91b8.png,http://www.vitaminshoppe.com/search/controller?N=14&groupId=new&type=group&cm_sp=VSVertical4-_-New-_-1404VSBCoconutOil&icn=VSVertical4&ici=1404NewProducts,225,232,234,184,360,v
6225,com,image/out/994d4dd2010856d4f6fef86c7a33c750980d247e.png,http://www.vitaminshoppe.com/content/en/support/help/frequent_buyer.jsp?&cm_sp=VSVertical5-_-HealthyAwards-_-1404HealthyAwards&icn=VSVertical5&ici=1404HealthyAwards,238,242,235,184,360,v
6257,com,image/out/4c4ccdd6b4dbe1f12b50bf762692f519bd478639.png,http://fc2.to/4abxEH,240,202,203,120,600,v
6324,vn,image/out/e1002922436fa418dea9f8e6f6594ef6c7270ffc.jpg,http://c.logging.admicro.vn/_adc.html?adm_domain=http://dantri.com.vn/&adm_campaign=1041596&adm_aditem=270644&adm_zoneid=227&adm_channelid=-1&adm_rehttp=http://www.donghoduyanh.com/&adm_random=0.12965294648893178,187,115,129,160,600,v
6325,net,image/out/75763be3f1201fb684d0729e70bae906d58b16a8.jpg,http://ba.commentcamarche.net/RealMedia/ads/click_lx.ads/fr_ccm_hightech/home/L20/760789966/Right/OasDefault/ccm_eni_ops_hab_auto-promo_hp_29-3004_4490-15/ENI_CCM_300x600_generique.jpg/514d2f6f4a564e666437454141594273,191,180,167,300,600,v
6384,com,image/out/31d34176dd66f08c8db73fcfe757b7f476d09a14.jpg,http://www.hamariweb.com/islam/qibla-direction.aspx,172,116,52,150,200,v
6385,com,image/out/adc7342f6db44b3f77760dfe255360669593e7b7.jpg,http://www.hamariweb.com/articles/religion_articles14.aspx,84,96,124,150,200,v
6386,com,image/out/cdf18efc67e392a732ceffa4089697c54609c70e.jpg,http://www.hamariweb.com/islam/prayer_timings.aspx,36,94,38,150,200,v
6459,pl,image/out/87e5b5d7c4a1f8ab63adcbcb8eb4db9975dd8c60.jpg,http://go.pol.bbelements.com/please/redirect/1234567/0/0/33/?param=175460/212077_0_http://www.offpluscamera.com/,147,175,169,300,600,v
6498,com,image/out/da031509af68ddcabfc976b011bc2b073607aa37.gif,,235,189,47,160,600,v
6647,com,image/out/46f874ea1a10ba168a55049fbd8fd174d25cc548(.),http://www.googleadservices.com/pagead/aclk?sa=L&ai=CIyyAc4FgU6OPBayxwAGUvYDAA6uH7csGo7WdsogBwI23ARABIOyX3hRQ-6n0iAVgyY7yi8ikgBWgAd3f68sDyAECqQJxx8jGvSGvPuACAKgDAcgDnQSqBJ0BT9DAZj8nMM-SW72twOAr2Z66JneDCH3SMi2bTy8USRbNv7QK5ggcuf4b_fJmnGfZqNmAIKQbPxVnyPHNqm4,195,193,186,300,600,v
6648,com,image/out/c847b8bb1de803aba0657f1fe4a978b3256e2710(.),http://googleads.g.doubleclick.net/aclk?sa=L&ai=CimOXc4FgU4W5BauDwQH4g4D4At2d-eME1cHqopoBv-EeEAEg7JfeFFCctaHY_f____8BYMmO8ovIpIAVyAEC4AIAqAMByAOdBKoEnAFP0M3zOVkICbuLqJIxEufaSPixUbJsTrOqb0QF48PgdGSqj-0bs6kUgsuGs5XK3TgFAlok73RW8SxjnN0F6TEtU1_zxgSemIQdA4QTIwz,221,164,37,160,600,v
6649,com,image/out/cc6fd3498badeb96b79f45784dbfc20d56791045(.),http://www.googleadservices.com/pagead/aclk?sa=L&ai=CQTJLc4FgU5u1BefhwQH44IGAAtHDu8UGoaaO_o4BwI23ARABIOyX3hRQ25PL7vz_____AWDJjvKLyKSAFaAB79Kv1QPIAQLgAgCoAwHIA50EqgSYAU_QiXwtTEzeTHpxZPEm5LyOzzrhXUG4iuf7I5yPN71zQ2u-4Hcofyoqaj-CPhVcb5IT0JKa9eELrondU4DXFapkX_a,206,207,207,300,600,v
6652,pl,image/out/b6f13feab89ab669df8f0311e1070965683f0d26.jpg,,162,146,122,300,600,v
6684,net,image/out/d8ac86f7184bbedba1c17527750d8d33dbc5ce58.jpg,http://ba.commentcamarche.net/RealMedia/ads/click_lx.ads/fr_ccm_hightech/home/L20/995676784/Right/OasDefault/ccm_eni_ops_hab_auto-promo_hp_29-3004_4490-15/ENI_CCM_300x600_generique509696.jpg/514d2f6f4a564e676a71594142496675,191,180,167,300,600,v
6728,de,image/out/1539701319c5ee114396a6d2d81b5810ece4e5a0(.),http://adclick.g.doubleclick.net/aclk%3Fsa%3DL%26ai%3DBzRkmyfpgU93xJNaz8gWW-YLABfWdo9cEAAAAEAEgADgAWIWG2ciQAWCJi8SE9BOCARdjYS1wdWItNTQ4OTIwNDE4OTE0Mjg4NLIBDXd3dy5tb2JpbGUuZGW6AQlnZnBfaW1hZ2XIAQnaARVodHRwOi8vd3d3Lm1vYmlsZS5kZS-pAk90ypTwM7c-wAIC4AIA6gIdNDI4O,224,219,211,160,600,v
6828,kz,image/out/d25aed9116c1cfb4779f0df5db9517f7ce80f817(.),http://googleads.g.doubleclick.net/aclk?sa=L&ai=CczxS9PtgU_HgG4u68AW-xYKoBKDBz8QEAAAQASCY69cZUKvCtZ0BYImLxIT0E8gBAuACAKgDAcgDnQSqBGVP0HNOzZGu34-WYeHk3msUU66qzBeW58N1d7cAjufY_8SQI-sD3glwiYJ6-ODDl8m7-lKLU3beuLYmmKQspp1EGSqJGIzDGcJ3E4o5_QOMNYZAD2Lfi8il3dVcV5f,208,202,201,240,400,v
6834,ee,image/out/22a396460d3ba6b5ec1cf57ba5a77acf62e9afa2.png,http://www.auto24.ee/ads/www/delivery/ck.php?oaparams=2__bannerid=2433__zoneid=528__cb=a26cadd00c__oadest=http://alvadi.ee/p/840/kataloog/,216,169,170,200,250,v
6835,pl,image/out/88f5c5c43494b3b9f88b629bea045f8d73ef0730.jpg,http://adv.wp.pl/RM/click_lx.ads/moto.wp.pl/index.html/L21/1433491066/r37/OasDefault/Accor62451_ROS_msky/Accor62451_ROS_msky1517553.html/323238304b314e672b5a7741434e3077?_RM_REDIR_=http://corto.www.wp.pl/as/62451msky.html,193,184,179,300,600,v
6840,ru,image/out/a4423dafc4f43dd33bd8594dbdcbf933d1f8a7f0.gif,http://ad.adriver.ru/cgi-bin/click.cgi?sid=69052&ad=464374&bid=3327928&bt=52&bn=1&pz=1&xpid=BnzEVfoKZwjUS95QpasjyApX3pS0&ref=http://www.f1news.ru/&custom=&rleurl=,36,42,49,240,400,v
6853,pl,image/out/5641639de8f4484d232988cd46db69885a19ddfa.jpg,http://edipresse.adocean.pl/event/nc=0/code=5k3vO6wKlLLnoWy4It_sZlczDBZYE0kLxCw0Vsw1YaT..7/eprog=2/data=http://edipresse.hit.gemius.pl/hitredir/id=ctgwPUcwE8EXutkwUHewyJR8TBSiGjf1CxAElyiz86P.s7/stparam=pfjiqwplqp/fastid=jlwoornkonhqryftglspveqkfinb/sarg=53,201,195,199,300,600,v
6860,br,image/out/d75cb0089055051901aca73696682764f4005fa6(.),http://www.epocacosmeticos.com.br/perfumes/perfume-feminino,204,198,189,265,375,v
6883,com,image/out/e8c05e711f263addbd1e91731695246ef9110911.jpg,http://www.pakkotoisto.com/voimailulajit/42106-kysymyksiae-jto-lle/,88,78,78,160,350,v
6905,com,image/out/527edc2744f2fd2f16ae63e32e2f939adfef9fcd.jpg,http://bookads2.goodreads.com/c/41801?a=0&g=&gtargeting=1&p=logged_out_hp&sid=34341c76e1348b0af20ae76aadb1a821&uid=false,108,58,49,50,65,v
6907,com,image/out/3acedf4cd646e89a307ef91fa76807188cd7bb0d(.),http://googleads.g.doubleclick.net/aclk?sa=L&ai=CKkXglgRhU4LbL8el9AWV6oGIBMCqlPsHwLje3NgBsJKVmEMQASDAze4MUIrJmf8CYImLxIT0E8gBAqkCp4hxnc_vRD7gAgCoAwHIA50EqgS7AU_QeczbWxchpxkukfqTFdfmvrghIp0Mo_OM1j9BqI1hmsdtyPMiS5rqaxbfInFPEHxSSI7Wvxg72XGQ1TOQ-DrY8gF7j24rOYU,200,192,204,160,600,v
6924,com,image/out/3f4dfd2f2aaa665fb3062f21600f311f046eb187.jpg,http://www.everybeatmatters.org/,208,186,189,160,600,v
6943,de,image/out/560cfd72af99ee199c519765c208efb9fbd50f43(.),http://adclick.g.doubleclick.net/aclk%3Fsa%3DL%26ai%3DBAvotrA9hU-3XHsaJ8gWNrYJYjpeXiwcAAAAQASAAOABYntT9s4wBYImLxIT0E4IBF2NhLXB1Yi0zNTU4NjUxNjIxODU5Njc2sgELd3d3LmNoaXAuZGW6AQlnZnBfaW1hZ2XIAQnaARNodHRwOi8vd3d3LmNoaXAuZGUvqQL087pPGz-3PsACAuACAOoCHjM2NzMvY2hpc,125,122,124,200,600,v
6944,de,image/out/8dbe2dc07db2f92d64f889d7572a7af2eff70da5(.),http://adclick.g.doubleclick.net/aclk%3Fsa%3DL%26ai%3DBAvotrA9hU-3XHsaJ8gWNrYJYjpeXiwcAAAAQASAAOABYntT9s4wBYImLxIT0E4IBF2NhLXB1Yi0zNTU4NjUxNjIxODU5Njc2sgELd3d3LmNoaXAuZGW6AQlnZnBfaW1hZ2XIAQnaARNodHRwOi8vd3d3LmNoaXAuZGUvqQL087pPGz-3PsACAuACAOoCHjM2NzMvY2hpc,92,105,114,120,600,v
6954,com,image/out/92cf7aae032e646dd23ec82ef7e7536bf61bd42c(.),http://googleads.g.doubleclick.net/aclk?sa=L&ai=CkbeGahFhU_bvO83KmgXJw4GoAZTFnIAGtKqr6KIBjIuFngsQASCX8JIaUNKz85sGYImLxIT0E8gBAqkCp4hxnc_vRD7gAgCoAwHIA50EqgSHAU_QbTytmBflOEIKkXUhyWS9wSnrYqP57iMbTqnYp2viBCsToGQ3xoaWAo00OveyGjN_LggQyQDQFyfAyq64eb58ZMEkHjlsfXk,176,161,160,120,600,v
7009,ca,image/out/3242056274da5fe950dd4dbcc15a7cfdf00ed40d(.),http://googleads.g.doubleclick.net/aclk?sa=L&ai=CAXIreBphU5OhII2r8gXxhYH4A8WZgbkDAAAQASAAUOPA2rYGYImLxIT0E4IBF2NhLXB1Yi05MjE3MjAyNDY0NTkzMTc2yAECqQLkVGlJG5KuPuACAKgDAaoEeU_QfsZP5WXyJX9u-4XQKf2Dq3umQ964tla9SCH-5QpB8VRn1Le2pUUsl3uXOVI8zNk-6hUTM1_r_VjCqdpA6MJ,224,212,199,150,300,v
7010,ca,image/out/2c7dba4e3b84c53bb2907328cfb7a9e3edae97a7(.),http://googleads.g.doubleclick.net/aclk?sa=L&ai=CGYknehphU5XWO9SJ8gXjioLIAuWVgbkDAAAQASAAUOS74dH4_____wFgiYvEhPQTggEXY2EtcHViLTkyMTcyMDI0NjQ1OTMxNzbIAQKpAmdFKAk_lK4-4AIAqAMBqgR5T9B5ywRtlHA2FErzBbWI6Vk0_ZZWsRgoNoiY1l130neZWo9eatzxTecRJ42NYxEFvUqup8KB6SnW9Ip,206,197,192,150,300,v
7072,com,image/out/c57de861b1f7e6e8a673fa6082d14d2f832c33dc.jpg,http://ads.oddschecker.com/www/delivery/ck.php?oaparams=2__bannerid=3007__zoneid=0__cb=b1fee06f6a__oadest=http://affiliate.coral.co.uk/processing/clickthrgh.asp?btag=a_11032b_7,55,72,98,290,650,v
7073,com,image/out/6c0ff7bbaf58ca8af0d88e5355605fc7ba3d4d87.jpg,http://ads.oddschecker.com/www/delivery/ck.php?oaparams=2__bannerid=3009__zoneid=0__cb=f9d6a1baa8__oadest=http://affiliate.coral.co.uk/processing/clickthrgh.asp?btag=a_11032b_7,55,70,96,291,650,v
7092,com,image/out/dd6f3ddefaf62e44cd76b9c0f5c011472bcd23b7.jpg,http://monkeyking.r2games.com/,184,163,180,310,660,v
7131,com,image/out/5757de88479d56f6307605676970a0f75bb1be0c.gif,http://a.tribalfusion.com/h.click/aImPCsTTnlSanLScbZbPUunPWraWcfQ2FunmHarXEew4WjZbQsjZa5mrJpHEqTWQaXFbbXUJ91T6NRUvFWUYPVdYYnUfuQrryXqFp3Tfg2avRmEZbCYrU9UtB0omfKpGYtpdvC5qZbg5tep5mvLnFvEXVfS1cJV0GZbvnaFS2rFVWbBBVA34QTUYQcFMSqJZcyE8waH/http://www.lltrifutrac,188,196,208,160,600,v
7173,ru,image/out/393ad018a62f5e45231c2e210e0dd2b9a7df878a.jpg,http://ru.iherb.com/specials?rcode=oza280,181,190,175,240,400,v
7176,com,image/out/1315c8848865edfdaf45bb3e012e117faa9e79e8(.),http://googleads.g.doubleclick.net/aclk?sa=L&ai=C7enfZClhU_-pOdT99QXQ3IHQCcqRnukEAAAQASCC4awFUIvN2qABYImLxIT0E8gBAuACAKgDAcgDnQSqBHtP0MOd54_pB8V5zRHK7foTk4tEoIwZfBLgUZ0ZlzkX3OwE9KwPZOnHLqyN7eaM0-37CZVdulClB-asKar3rGyIUpvRNvaBhVvty8n7MKNPtbE5ir5MkPbsip3RU0u,181,169,155,160,600,v
7207,uk,image/out/f83b968cc67095783b7c6e20094f3a04f2b1ddba(.),http://adclick.g.doubleclick.net/aclk%3Fsa%3DL%26ai%3DBkzJ2JiphU52iBZaz8gXY6YDgD7Pp1dcDAAAAEAEgm6G5IDgAWIOyyqRwYImLxIT0E7IBE3d3dy5uZXRkb2N0b3IuY28udWu6AQlnZnBfaW1hZ2XIAQnaARtodHRwOi8vd3d3Lm5ldGRvY3Rvci5jby51ay-pApMKLWINVLw-wAIC4AIA6gIXLzMyMjkvbmV0ZG9jLmhkb,214,210,211,134,203,v
7240,com,image/out/86c94eea70f5f4fb629d313ef8cc74e4b049dc77(.),http://www.googleadservices.com/pagead/aclk?sa=L&ai=C_MhE-ithU82mDdb-9QXoqIBI2veI_ASymengpAG_4R4QASDsl94UUOKC59QHYImLxIT0E6AB3qWn0APIAQKpApZkIAb1_UQ-4AIAqAMByAOdBKoEngFP0FblepZaaLgJ261BsudbD-e2Je3uuGKog1_0Ph6ogC27t64WU0k-FJePH5FoxCvQhWVwYhnv65DHW1dpFSN8Rpz,161,165,158,300,600,v
7241,com,image/out/7477eed47a561a27181b332eae6aa6bc923ae701(.),http://www.googleadservices.com/pagead/aclk?sa=L&ai=CJtmi-ithU82fDcel9AXy_4DwCcm0rZQFifL5mLABicfzxZICEAEg7JfeFFDv8sfj-v____8BYImLxIT0E6AB-7rC6gPIAQKpAliNoTDZBUU-4AIAqAMByAOdBKoEmwFP0B7ltfS2Ed7kNlf968Do-tfrCvgFyxCvXpH1a4M7VdHMt4N7QKqexRl8Jo3XO4v4NGUb4v0Au6P,205,185,176,160,600,v
7242,com,image/out/1913d6f99a0a1090854f97bc67f91d2596362ce2(.),http://www.googleadservices.com/pagead/aclk?sa=L&ai=CkZNf-ithU7ayDc7O9AWnlYGoA5fNjIwEx-3g8F7AjbcBEAEg7JfeFFCumcCHBWCJi8SE9BOgAf2A1vwDyAEC4AIAqAMByAOdBKoElwFP0I0dAF7zLvsElsob-VN0r51oZfyIPFFpVhRAcVAndLnK6dsrKDoc8_88C5tClmKvATFHhTcrNQu7iBre9RxTj88KTWhMbKZ43z9,232,175,197,300,600,v
7266,com,image/out/dd2d859ccfa418459acefc21a86b1a41dae0b93b(.),http://www.googleadservices.com/pagead/aclk?sa=L&ai=C_YkDKi5hU6_PIZP89QWuloD4ArWjwMIEjYf_4KYBr4Sy-i0QASC_uasXUL-cnRFgiYvEhPQToAGbp8rRA8gBAqkClmQgBvX9RD7gAgCoAwHIA50EqgSaAU_Ql2iNhAqd7b18TzITk7VyAMHPXX3OJB16I2bpkLXr_Kyekd7rt1anvIwP9JK4V5c5_Oa7INKnGBSWCJHF0yy,125,169,177,300,600,v
7271,se,image/out/9bad8cf78de9cf860b2aa2f6793a185e0af7e61a(.),http://googleads.g.doubleclick.net/aclk?sa=L&ai=Ct-cGky5hU-PwEcWl9AWz6YCYBMa5h7gDAAAQASCWns4ZUOPDhf0HYImLxIT0E8gBAuACAKgDAcgDnQSqBI0BT9C1tK8INiTcCuXuWDqmyYWL_M0T8aq3V8D5P029WrYEbB5ZRThtTlUGDAir5CQJnav07KgH2V_hkcI2-eNkQ7VHac-HciSt18Yn3H612_zoEtKY-uSslgxbpab,195,211,216,160,600,v
7319,br,image/out/d48e1428849f43aa5ecbe55cb5a12da084df237e.jpg,http://adclick.g.doubleclick.net/aclk?sa=L&ai=BzLqQRjZhU4GnHo238gX8o4B4lqKJqwUAAAAQASCO6K4hOABY1qvl5bQBYImLxIT0E7IBDnd3dy51b2wuY29tLmJyugEJZ2ZwX2ltYWdlyAEJ2gEWaHR0cDovL3d3dy51b2wuY29tLmJyL6kCBY7pauYAnj7AAgLgAgDqAhovODgwNC91b2wvaG9tZS8yMDB4NDQ2X3RvcPgCgtIeg,32,133,183,200,446,v
7327,tr,image/out/5c71987d3c38286e81cd45e6b5fb111bdd95c0c2(.),http://googleads.g.doubleclick.net/aclk?sa=L&ai=CD8jpXTdhU8n3A4j09QXch4CAAbmk6aYFgZzlwpEB1_D0_QgQASDcqPgdUPaH1YX5_____wFgiYvEhPQTyAECqQKWZCAG9f1EPuACAKgDAcgDnQSqBJgBT9AYu3DLjp93lvJr1j8Kjv7z0QgD6AZPyU5wDluKTLpXnzcuF5L3F_hS9seztDN6wATteMYnSXHOVT8S_SU19kkM4FY,117,121,119,160,600,v
7329,tr,image/out/427811b0f87b709a059b69ddefcb6adf1469e8b4(.),http://www.googleadservices.com/pagead/aclk?sa=L&ai=C3J3FXTdhU9LWA8in9AWGj4GAAdG82uYEuZTo13-BlaGNUhABINyo-B1Q7oyn0fj_____AWCJi8SE9BOgAf-I0OoDyAECqQJYjaEw2QVFPuACAKgDAcgDnQSqBJgBT9BpfqKTPVtYJHIGV93FO_MQO-xni3alDdnuSUseJXxYnjBbadrDktAR2l6QiBbwY0glc5U-0IgftQv,225,207,157,300,600,v
7334,ru,image/out/91301bf04b11997b13731af40c078d586081787b.jpg,http://content.rbc.medialand.ru/rbc.ru//?http://engine.rbc.medialand.ru/reference?gid=2&pid=1096&bid=138229&rid=894173656,221,205,205,240,400,v
7342,vn,image/out/5b06bfcbd3184aa835154812d35bf662a5c39e09.jpg,http://c.logging.admicro.vn/_adc.html?adm_domain=http://dantri.com.vn/&adm_campaign=951&adm_aditem=51663&adm_zoneid=227&adm_channelid=-1&adm_rehttp=http://admicro.vn/&adm_random=0.23487836960703135,201,211,221,120,600,v
7352,de,image/out/edf0e0de7cf8f1333f7a3be65a5b03f1e1d241c0.gif,http://adserv.quality-channel.de/RealMedia/ads/click_lx.ads/www.spiegel.de/homepage/center/L30/206246021/Bottom1/qc/ON18X20044X28/ON18X20044X28_02.html/323238304b314e684f376b4144624159?https://www.spiegel-vorteilspaket.de/20130412/?bannerId=SDHWOEIGEN&utm_,138,77,46,120,600,v
7354,fr,image/out/99a8f0dd0a47d7b7670edb5b5d0ba8018086ae9e.jpg,http://ww84.smartadserver.com/diff/84/3225840/go4.asp?3225840;17155;4777412034317566029;2849809113;S;10324104;clickvars=,116,118,118,300,600,v
7355,fr,image/out/607b83e83efcc1e852dfcc6361ad2b0519fcc717.gif,,87,110,166,300,600,v
7359,com,image/out/acce0069f700923f38869fb43ed27d5a83095386.jpg,http://network.aufeminin.com/diff/1/3230018/go0.asp?3230018;1;7365276612490093325;5667105750;S;target=popoutok;popoutbarterok;france=1;new_page;ajax=0;login=0;ae=0;new_ref;new_visit;asiPqTag=1;10333528;clickvars=,215,232,222,300,600,v
7367,com,image/out/884092a2ffecc2defa69d6be746204a6f8d1f993(.),http://googleads.g.doubleclick.net/aclk?sa=L&ai=CCMACLEFhU5ylNtG28AXK0oFw7cOQyAYAABABIKWl_B5Qt9fZwfj_____AWCJi8SE9BPIAQKpAgScjTInaB4-4AIAqAMByAOdBKoEcU_Q3eMM9pgi0Y5i6eCzPo78LYXwFSXoE3HCpLZL9rURQVsa_HOjuoOYRN8f8bQpQUiDC-L5_cAor8gs1_891n1GL20ZMiCBOJJyFOEBbJV,250,195,203,110,150,v
7369,hu,image/out/193cd8d6646ebb02b0310f5c9f5a4d48f5cb4f22.jpg,http://ad.adverticum.net/C/2725747/2789973/278996700/1398882750778/velvet.hu/2789968?u=0000000,131,157,186,215,1000,v
7370,hu,image/out/de7fe64597936a753a4fcf724919f12be25b5d05.jpg,http://ad.adverticum.net/C/2725750/2789975/278997100/1398882750778/velvet.hu/2789968?u=0000000,123,181,217,215,1000,v
7373,br,image/out/3d3839ed10502ee26039344e47de89e0faa8d6d3(.),http://adclick.g.doubleclick.net/aclk%3Fsa%3DL%26ai%3DB2fWx9EFhU_joGsiv8gWa3YLYA_7rrq0FAAAAEAEgjuiuITgAWP6tyIO1AWCJi8SE9BOyARFtdWxoZXIudW9sLmNvbS5icroBCWdmcF9pbWFnZcgBCdoBGWh0dHA6Ly9tdWxoZXIudW9sLmNvbS5ici-pAgWO6WrmAJ4-wAIC4AIA6gIVLzg4MDQvdW9sL211bGhlci9jY,196,194,198,300,600,v
7391,de,image/out/1fa7bb1e0be66493a03b39e03272179a7b8aefec.png,,182,179,174,210,424,v
7395,com,image/out/8cbf384d4b47caed728e58030d8284f6f743820f(.),http://googleads.g.doubleclick.net/aclk?sa=L&ai=CWmE6NUVhU9vwLI799QWOg4LgAbeR_ssFn9DMvJEBg5n0_QgQASCmmYEnUNKQ0JEEYImLxIT0E8gBAqkCEO9EO7HMYT7gAgCoAwHIA50EqgSuAU_QcaJHI251wWLDipa4jCFxJpdIEBLe5SxNCklod_kf9ECl9aANJHAmDccTOFWJ6vSkF1nPxUv2Wfq9s3Dq6AJwO8aUf3YgB0n,86,161,180,160,600,v
7408,tw,image/out/17d8ee65e9168a4b625feb79abb83101feed0cf1.jpg,https://xdb2.x-legend.com.tw/vip/vip_special.php,180,127,117,155,200,v
7413,net,image/out/86a0ca6e8e8a6f420040ecf6ca35def5cc4f53e3(.),http://www.googleadservices.com/pagead/aclk?sa=L&ai=CbUIP2kZhU5y8L-WumgW6qIG4CpKEjqgE0v6Qxo0B59Hc-i0QASDunOMhUIjhjjFgiYvEhPQToAH2w4TbA8gBAqkCqzPFe1Ekrz7gAgCoAwHIA50EqgSZAU_Q_mXlE115dYSR4hftQUzXiuZoCB8oLize2YnNSVypUOae398ZuFl3ktPwrwd8T7OHKhZcWRSbYO6O4xRW0Yu,216,105,136,160,600,v
7414,cz,image/out/2c3537dc4d004b9da00e593dede944a372df45a9.jpg,http://www.ifauna.cz/rstats/redir/890?link=https://www.facebook.com/Scalibor.CZ/app_618556958222377,131,169,97,120,600,v
7443,by,image/out/f2bbc0c78b396e4e113c515b392c8a8351a010f3.gif,http://easyminsk.citydog.by/,116,111,231,240,400,v
7452,br,image/out/955c2547a08e23f52eb7acaaac5f18276a60dfbc(.),http://www.petlove.com.br/promocoes/frontline-plus,124,131,134,140,230,v
7453,br,image/out/9d4987aa41b1c5a8b9772770a6e8d40237b59ddc(.),http://www.petlove.com.br/colecoes?fq=H:586,192,191,194,140,230,v
7454,br,image/out/54084acbdb06d04f896ffd8928d7789d8bdaf3cb(.),http://www.petlove.com.br/parceiros/virbac-aacd,207,190,188,140,230,v
7463,to,image/out/f3777eff8c3a9c9847f24457fba1adbc50abb8be.jpg,http://www.adcash.com/script/pop_packcpm.php?k=536149dc8aff4929825.1521423&h=83bda6facba12ff5303319e624405d8f99ec3658&id=0&ban=929825&r=212210&ref=h&data=,60,85,102,120,600,v
7494,com,image/out/dcef4cd9b75a649d0ce10e989dd0d48e55f87396(.),http://googleads.g.doubleclick.net/aclk?sa=L&ai=CMaFJXExhU-HXOIjP,33,25,25,160,600,v
7538,ru,image/out/4e4b7d733f5a7d1f2839e6cfd670e88d6a01b079.jpg,http://www30a6.glam.com/gad/click.act?0382-_gclickid=gaclk71432567946-_advid=50000239-_adid=5000003542-_crid=500002443-_aipid=201404301210-_ge_=1^2^4718644a93c33c833d962794c3d66f6b-sz=160x600-zone=/-ord=4567488029133528-afid=1684398351-dsid=1684398351-sid=,220,208,211,160,600,v
7570,uk,image/out/ae87bc24bd3ea214c8e55f4ba5106c6c27b3c648(.),http://www.googleadservices.com/pagead/aclk?sa=L&ai=CIH-0KE9hU_3kMY-38AWXzILoAZGUtsIE0d3opkPAjbcBEAEg5daPAlCYjYXwAmCJi8SE9BOgAf_ksO8DyAEC4AIAqAMByAOdBKoEngFP0F4C5O2PeOqo4L-qQg-RLrc9q9fM3Pmu7hznb9B9CWFnK2rfy0QnqZK5PBtWDmDx3Whmhv9r7eBPmg7FMyGyuf47_dh6gVghw5D,144,132,126,160,600,v
7574,com,image/out/64cd343334414b6cd7614157f7cf815774d444e0(.),http://googleads.g.doubleclick.net/aclk?sa=L&ai=CM0TTqlFhU7GEF8S28gWcmYG4DueBh-sEAAAQASAAUMjB4bQCYImLxIT0E4IBF2NhLXB1Yi02ODg4MzMwNzgwMzM5NTk1yAED4AIAqAMBqgSCAU_Qx0IaRMJRm8cQbl2F-TF6-9UsFG6BhDYcyUmfTRFez7XBMtpRZanpqf5v6YXJHO7b1bYIZH_xAbHoyb_D2VPWkhbR-NsJPGt,219,216,190,160,600,v
7603,com,image/out/95b7b4d700fdc37e6205cdd95b060a676c70287c(.),http://googleads.g.doubleclick.net/aclk?sa=L&ai=CXczVsVdhU6-6IMj9mgWjp4CQBYji97sEwNGHvbcByIuFngsQASCVp6scUNCz7nJgiYvEhPQTyAECqQKhsSQUYAZFPuACAKgDAcgDnQSqBJ4BT9BnCtCy4CI6ddv78Wp4TwjxSxmXeEObYdaSiVzt7IEBos6OYGqtMn3bDjnpKkwMECVYBUH32DnAd6ANY9AAFbqjDDWEpxZ6_or,235,202,192,160,600,v
7606,ua,image/out/3a675faa6ebfd3c40353b263b3fde8519c4a65bd.jpg,http://ua.adriver.ru/cgi-bin/click.cgi?sid=168072&ad=351596&bid=3336392&bt=52&bn=2&pz=0&xpid=BH_j2_SHf60eE8l6U9H02N64A494&ref=http://tyzhden.ua/&custom=&rleurl=,70,63,62,240,400,v
7620,org,image/out/50fb6da99d5b365f114adbb7e605ac8b5723020a(.),http://www.googleadservices.com/pagead/aclk?sa=L&ai=CsYOuBFphU4mUEc7O9AWnlYGoA5z7n88BrNWk-RTc_uWMNBABIMnywQpQ5eWCfmCJi8SE9BOgAZWnpP8DyAED4AIAqAMByAOdBKoEmwFP0A7B7xhOFe3t6ids6wtm4VKKhlFXTwWQm0Sr21Bxr85lZLv7X0UIXcAN7LwGzzjykWhyiUcm41OvE0b1MEcdNSzlC0AI-vGd4te,165,113,90,160,600,v
7637,com,image/out/6a888486bc8751c8232318b009601bace18421c7.jpg,http://srx.main.ebayrtm.com/clk?RtmClk&lid=1754948&m=457822&pg=2050601&aii=6576739728815658950&u=1H4sIAAAAAAAAAFMOT01RcCwoUjA2UDA0tjKytDK1VPANDlEwMjA04eXKzEyxNTM1NzM3tjQ3srAwNDUztbA0NeDlAgCf2iZfOAAAAA==&i=-9999&g=b324a1851450a2af052157d1fdeb8dda&uf=0,231,237,242,160,600,v
7639,com,image/out/37304c1036bed9a6bea77826b9ec0162b00dc988.jpg,http://activities.aliexpress.com/lightsport.php,209,196,188,190,385,v
7732,com,image/out/0a2ed5972014e45cf61836ff14abcf5dc024bc63.png,http://www.flipkart.com/offers?otracker=hp_foz_banner,228,230,215,234,386,v
7736,com,image/out/acfd594a0088d0760048ba383cb38032ef20bde2(.),,202,196,189,80,800,v
7737,com,image/out/f9963d047ab6b284f11834e74b4ad5e4fef4d5de(.),,202,196,189,80,800,v
7743,com,image/out/c175c9a57b83cb4a3b3290a5b12ca6038f4347d6.jpg,http://www.snapdeal.com/products/women-apparel?q=EndOfSeasonSale_s:Brands&sort=bstlr,153,130,115,182,300,v
7750,ru,image/out/512e38f8ee6ac1337ec3607afa3a580ddc01fc53.jpg,http://www.wildberries.ru/catalog/17021/page.aspx?bid=8419,198,207,215,234,300,v
7758,jp,image/out/10fb443ae7ecf77e36476d07358a9e0a7ab9ba66.jpg,http://www.forever21.co.jp/event/register.aspx,237,227,222,72,121,v
7759,jp,image/out/5a7b7ee8ac823178d7a834a41ebdb54aa636aa85.jpg,http://www.forever21.co.jp/Event/Survey.aspx,238,230,226,72,145,v
7760,jp,image/out/e6ea4c7b7db1029f83e739265d42fd9e4dd5a965.jpg,http://www.forever21.co.jp/Guide/site_guide07.aspx,236,222,215,72,138,v
7761,jp,image/out/549968a8d286a27299d84681d869467d6f9b1a5b.jpg,http://www.forever21.co.jp/promotion/productlist.aspx?promotype=2&category=Promo_GirlsAward,218,211,214,72,139,v
7762,jp,image/out/6da73465f2dd43d2fe475213f7ceb5b29a92d909.jpg,http://www.forever21.co.jp/promotion/productlist.aspx?promotype=2&category=Promo_bollywood,174,169,166,72,206,v
7763,jp,image/out/e9664a2012deb76811dd9a55a309d2203dbd30af.jpg,http://www.forever21.co.jp/promotion/productlist.aspx?promotype=2&category=Promo_Taxinformation,222,222,222,72,104,v
7799,ru,image/out/262347b7810d984f35ebc1f82f17882d1647fe18.jpg,http://ad.adriver.ru/cgi-bin/click.cgi?sid=1&ad=464507&bid=3328387&bt=52&bn=3328387&pz=0&xpid=BCRKFzvLjY62SPbCU3FaVlVwyKdY&ref=http://news.sportbox.ru/&custom=&rleurl=,33,33,33,240,400,v
7822,tv,image/out/2ffd00ca230c632aae5ca02fac64f834030d9350(.),http://googleads.g.doubleclick.net/aclk?sa=l&ai=CXVNR02lhU7_gEMOl9AXMmYDQBMKbgtgE6qnHqIkBsdH93wUQASDcqPgdUOHSuo4DYImLxIT0E6ABjqfwzwPIAQKpAl-8c-9tB0U-4AIAqAMByAOdBKoEfU_QNo9aOKdf6NOd3pEeDcT5yayfDDex37o6Dje2ckLWtn6TqpUuuVAX1sVkUPXRtJEzr7GWgzPeS79t70i4d_j_YgD,215,171,124,160,600,v
7843,com,image/out/749ee423e2a8914d10aac222307c9c3f768a7372.jpg,,126,149,167,240,330,v
7851,com,image/out/32fc4410bcadf1d4d3562cb7817a93b920ff179b.jpg,http://www.ryanair.com/en/redirect/2/moneycorp/2/4/19/,188,147,129,136,200,v
7855,com,image/out/15748b5d9211ee001e13afe8206bede0a37abe5f(.),http://googleads.g.doubleclick.net/aclk?sa=L&ai=CMf4cZ25hU5K1BYWz8AXilYKoD_Dtz74EAAAQASDY9fAXUJ_ZhoMFYImLxIT0E8gBAuACAKgDAcgDnQSqBJkBT9DPZuwrg2YLgvWqfkqnGuyKYIEI-HiZgVoebkxNisYXGKr5ZKudKggCO6Y8HxIWt65JXvDQB67RQrAzTwcFY4ET3U25FtgjMhjpUYn_X9GTeKo3d9KJPULHenY,92,55,68,160,600,v
7903,pl,image/out/c92d1b56c554ad6521f234566cb09cd8d5a11b17.jpg,http://go.pol.bbelements.com/please/redirect/1234567/0/0/33/?param=175460/212077_0_http://microsites3.foxinternational.com/pl/324_devilsdue,25,21,25,300,600,v
7910,pl,image/out/d6c68d02e5b291042c761607dcc5b82bd56052cd(.),http://googleads.g.doubleclick.net/aclk?sa=L&ai=CiR_uhtphU46DD-eqmgW37IHwCeDHpfYE6PHnvooBxKaB3SIQASDpzPQBUNbuu4sBYImLxIT0E8gBAqkCaJB5abACRT7gAgCoAwHIA50EqgR7T9Bn5BLRE58yaNxMGXgRkRD8nqAfA0UJdH1ZzLpHSD0EygQ7r0iBdb5nF8OtNB1ydN6xBoHSrwTE6K__vVJSuoy37s4f0eU3ubV,77,144,162,160,600,v
8019,kz,image/out/1cd2fe9d84b978060437239fd20a3f99ef7f4a7e(.),http://googleads.g.doubleclick.net/aclk?sa=L&ai=CyzNg3tthU7APqcuaBdX_gfgKoMHPxAQAABABIJjr1xlQ_bPKxQFgiYvEhPQTyAEC4AIAqAMByAOdBKoEZU_QLebaSb2xHsNe0B8ycnpcx0yN2iSgL7jlcVHCMWt2EYEsk3rwrRhXh87xIEziIxtHP4F18BzcDca9uNuQN1V_7j2RckpqDkkcIy0jSe6vhRX81Adx_aco-V-s8jv,178,163,158,240,400,v
8022,pl,image/out/6de9cf3db5310153f91aaa964e92db67a27462af.jpg,http://adclick.g.doubleclick.net/aclk?sa=L&ai=BbyXeIt1hU_SZJdH_9QWZ2YKAAwAAAAAQASAAOABQyK25lQNYz--9G2CJi8SE9BOCAQljYS1nb29nbGWyAQptb3RvLndwLnBsyAEJqAMB4AQCmgUZCKusXxC5t60zGN_H-IUBIM_vvRso_NWEAtoFAggBoAYf4AaWgYcC&num=0&sig=AOD64_1yWnjfhJAlb2P_-TbW8Muyp27z6A,122,87,65,300,600,v
8025,ru,image/out/0d760ee346476af8e5ede9eadc28dfd02f81f280.gif,http://ad.adriver.ru/cgi-bin/click.cgi?sid=69052&ad=464374&bid=3327928&bt=52&bn=1&pz=1&xpid=By2gdyvpn785jqZesZauBfLhhDbk&ref=http://www.f1news.ru/&custom=&rleurl=,36,42,49,240,400,v
8030,br,image/out/e1fd0a3025f2247c865e017e7b695d7376802720(.),,181,164,166,265,375,v
8060,com,image/out/0247f2e1ecd480eaaacd6b8898392875f44965f2.gif,,111,110,112,160,600,v
8076,com,image/out/18b6cd299ca8b7d7fefea093deb226551f1863cc(.),http://www.googleadservices.com/pagead/aclk?sa=L&ai=CFT131uRhU9jBBIaCmwWqmoDABYWYn7ME_ayUr4gBwI23ARABIMDN7gxQ8MGJkf3_____AWCJi8SE9BOgAbuPj9MDyAECqQLxIjzSY3GFPuACAKgDAcgDnQSqBLgBT9BrlAYjs9l-gw8PH6mNP2NBwv0imgYa1SZD3xyjBR6-tO1WAigLrqBAIr8rMzEP0P8gD_3udalrrNI,68,79,66,160,600,v
8085,com,image/out/7f024522d155451d70478478983f21051b85a9c3.gif,http://regie.espace-plus.net/www/delivery/ck.php?&esp_id=71267&esp_tracker=ZT-160600MNS&oaparams=2__bannerid=14970__zoneid=16862__cb=9229cac555__maxdest=http://www.espace-plus.net/redir/rotation_redir.php?id_rotation=526&soft=1&w=0&e=1,107,113,154,160,600,v
8120,pl,image/out/58bb3c459f869f8cf05179b4d04e4e0c5eceda5d.jpg,,207,187,163,120,600,v
8135,com,image/out/e5afa0c2a3d750965e00f04fb7c3b76eb9b9af68(.),http://www.googleadservices.com/pagead/aclk?sa=L&ai=CXzSnEAJiU5jTE4zVmQXK54D4CKbUy_EBhsXiuhXAjbcBEAEgl_CSGlDJtvWN______8BYImLxIT0E6ABpIq__wPIAQLgAgCoAwHIA50EqgSFAU_QW1DEZmiAi28bOFlXT04X9zEluFXJ_uW52N6zfm38Fu0rAX6EAWSy601aX-FlK1X7QdMr90g3l_GEIBoSp6xMsoatu4v,207,208,209,120,578,v
8148,de,image/out/4a177582189057089635070f4fba8e631b50e31c(.),http://adclick.g.doubleclick.net/aclk%3Fsa%3DL%26ai%3DBIf4GjAZiU-nJEtSR8AWbloJ48OD9qAQAAAAQASAAOABY8NCo8KMBYImLxIT0E4IBF2NhLXB1Yi01MTUyNjQ4MDc5NDIyNzY0sgEPd3d3LmNoZWZrb2NoLmRlugEJZ2ZwX2ltYWdlyAEJ2gEXaHR0cDovL3d3dy5jaGVma29jaC5kZS-pAnR4KMxrTLc-wAIC4AIA6gIYN,131,97,56,160,600,v
8151,com,image/out/d965c67cacd2c640ec064aed1f0f2f62194cb085.jpg,http://www.usa.gov/,234,233,234,160,600,v
8168,ru,image/out/a906083c9e138d5fd6e759f918703c3abe6319b0.jpg,http://gotovim-doma.ru/forum/viewtopic.php?f=112&t=33505,213,152,115,240,400,v
8175,ca,image/out/32e7fa9d931081740fe00e81d52a198515aa5575(.),http://googleads.g.doubleclick.net/aclk?sa=L&ai=CaFoRVwpiU8WFD82y8gW03oEo_ZKBuQMAABABIABQ-qGnlf3_____AWCJi8SE9BOCARdjYS1wdWItOTIxNzIwMjQ2NDU5MzE3NsgBAqkCMTByr_WUrj7gAgCoAwGqBHlP0Egs5K4jPmnbsGP3MkkzgL94OmB7T-VdJIGiEfwFC8OdafS2ID9BtVhU4-5YX_CtNdqevo1bgT0Epjg,83,72,68,150,300,v
8176,ca,image/out/87dbe6d148baa24c164e88f9a61706d23dd8097b(.),http://googleads.g.doubleclick.net/aclk?sa=L&ai=CbQZeWQpiU9_-L8e68AX7loG4Au2UgbkDAAAQASAAUOeip7L______wFgiYvEhPQTggEXY2EtcHViLTkyMTcyMDI0NjQ1OTMxNzbIAQKpAvIsmRVjlq4-4AIAqAMBqgR5T9ArRW-SSSe9WRnswEwJlTL95th_BySf3bvfsAyAF6NvUCaGz8-qtqMFFX_sIGdQ8MCYBArpcWEgIJT,220,218,215,150,300,v
8210,com,image/out/af9dc28d512f228decb88c27f243bbe76d6cee25(.),http://googleads.g.doubleclick.net/aclk?sa=l&ai=CGrLzcBFiU7CHOpeG8gXagoDYA5KEjqgEkoHqgYABnMWi3jIQASCI7M8fUNrZxov7_____wFgiYvEhPQToAH2w4TbA8gBAqkCzFCzBDQxrz7gAgCoAwHIA50EqgSfAU_Qbp15drJ-P2llqLqfj4XKUptLOcrbZWQLOYZctH8IWKoYWNruQxYPfF62D_57D1DnGoTUIIVVMKEVevn,185,176,188,300,600,v
8231,com,image/out/fac12a9f0cc73845f02c617e3283791b73d8821c(.),http://spnet2-1.i-mobile.co.jp/ad_link.ashx?pid=8547&asid=111015&advid=690949&ctid=0&vh=1d97a7c84f998a319983e4630d2d1457,123,128,125,300,600,v
8232,com,image/out/6c975d960cc8223f65341bfb85c75ab2660a74bc.png,,254,254,254,67,914,v
8233,com,image/out/3d30642c52a0bae56456e60c6f7190d6e9d43c04.png,,254,254,254,67,911,v
8241,com,image/out/d0b13f523627c4440ba679b32e20a4201fc91dd1.jpg,http://www.vitaminshoppe.com/content/en/rlanding.jsp?id=NextStep2&cm_sp=NEXTSTEPDOW-_-promotion-_-1405NEXTSTEP&ici=NEXTSTEPDOW&ici=1405promotion,241,183,183,180,310,v
8242,com,image/out/709ee5a57c3dcf6243ef196ceb44a25ccad5f568.jpg,http://www.vitaminshoppe.com/search/controller?N=200790359&type=category&cm_sp=VSVertical1-_-promotion-_-1405NEXTSTEP&icn=VSVertical1&ici=1405promotion,127,192,118,184,360,v
8243,com,image/out/bdc1a05f8bc98d85243985925d1b67bd5f9a0b7e.jpg,http://www.vitaminshoppe.com/search/controller?N=200790360&type=category&cm_sp=VSVertical2-_-promotion-_-1405NEXSTEP&icn=VSVertical2&ici=1405promotion,244,164,80,184,360,v
8244,com,image/out/e2bb5c89d360abdc6bfc9bb05ee89e7539151e8b.jpg,http://www.vitaminshoppe.com/search/controller?N=200790361&type=category&cm_sp=VSVertical3-_-promotion-_-1405NEXTSTEP&icn=VSVertical3&ici=1405promotion,227,108,101,184,360,v
8245,com,image/out/752e1539a5f7fad0f22aa182a02b43bd06226863.jpg,http://www.vitaminshoppe.com/search/controller?N=200790362&type=category&cm_sp=VSVertical4-_-promotion-_-1405NEXTSTEP&ici=VSVertical4&ici=1405promotion,179,111,171,184,360,v
8246,com,image/out/5ce448e9d8291efe443be537e5f30483b859e109.jpg,http://www.vitaminshoppe.com/content/en/rlanding.jsp?id=NextStep2&cm_sp=VSVertical5-_-promotion-_-1405NEXTSTEP&ici=VSVertical5&ici=1405promotion,208,216,200,184,360,v
8279,org,image/out/501e72f65fef6c8f6554e40ace8125479b877190(.),http://ads.plos.org/www/delivery/ck.php?oaparams=2__bannerid=5803__zoneid=951__cb=12515e2b27__oadest=http://www.plosone.org/static/publish,130,31,24,100,150,v
8280,org,image/out/e54b28f8e8a0dcef7be3b5605ba1790e9e4f2465(.),http://ads.plos.org/www/delivery/ck.php?oaparams=2__bannerid=5823__zoneid=953__cb=adf7201406__oadest=http://blogs.plos.org/everyone/2013/07/31/new-customized-plos-one-email-alerts-by-subject-area//,215,222,243,100,150,v
8281,org,image/out/400aa2faee5021526da3e2bb632aa9b72ab675fa(.),http://ads.plos.org/www/delivery/ck.php?oaparams=2__bannerid=6167__zoneid=955__cb=9f03273e4c__oadest=http://blogs.plos.org/everyone/2013/12/03/james-hansen-and-colleagues-offer-evidence-for-a-disruptive-call-to-action/,134,138,133,100,150,v
8291,in,image/out/f726a3b149657a150bea1b6acee5f34a0ac47018(.),http://googleads.g.doubleclick.net/aclk?sa=L&ai=C0nEXvxpiU_OWAoev8gXAwIBww7T3zAQAABABIABQyMCgpvz_____AWCJi8SE9BOCARdjYS1wdWItMzc0NjM5NjAwMTg3OTA3N8gBAuACAKgDAcgDnQSqBIwBT9AeS5tZDMyv1XStXeuB5trVrDUDMBLUgc1jb7lc8Zv2rsm88qOEP04CzWCjTAcekq-HqPATLgaQa9NzVtZTWyC,205,205,201,160,600,v
8330,se,image/out/b78364bccbbe960adb35d92161a0bd70a9f021c2(.),http://googleads.g.doubleclick.net/aclk?sa=L&ai=CuU4URhxiU6fIN4ms8gWh3oDwC8a5h7gDAAAQASCWns4ZUOqE8bACYImLxIT0E8gBAuACAKgDAcgDnQSqBI0BT9DvDOkfTPIugr7urQEqp4SFNJxw7-v90rUXemMyb5CDlcGJ0mM0kAiQ0O2FWQ9ICOfjQiCJPIiFfCaNOIToOQXyqgt9PQbdfMTS_SHFrTIKFWwS1iQwwP5ukz9,155,163,166,160,600,v
8342,th,image/out/d1429b0bc8c0be5ceffc475be48719d31b33fce3.jpg,http://www.siamsportadserver.com/adserv10/www/delivery/ck.php?oaparams=2__bannerid=295__zoneid=10__cb=def2ff0af4__oadest=http://mazda3.mazda.co.th,36,31,32,130,800,v
8343,th,image/out/85a7abc35a07bd060455033db89591c9268ef108.jpg,http://www.siamsportadserver.com/adserv10/www/delivery/ck.php?oaparams=2__bannerid=296__zoneid=11__cb=ab8e6d432a__oadest=http://mazda3.mazda.co.th,14,14,14,130,800,v
8346,th,image/out/ab58353eb690352ee5fc4c3264868c74948997e2.jpg,,193,194,202,300,600,v
8355,org,image/out/5ca8ed9b45c480c3ff27a5a98a66864fcbaee630.jpg,https://secure.malarianomore.org/po1?utm_source=ValueClick&utm_medium=BANNER&utm_content=160x600&utm_campaign=PO1,205,163,135,160,600,v
8357,com,image/out/cae057499ccbc9ec7352722e3749976af63fac16.gif,http://regie.espace-plus.net/www/delivery/ck.php?&esp_id=71267&esp_tracker=ZT-160600MNS&oaparams=2__bannerid=15040__zoneid=16862__cb=a1245d4d88__maxdest=http://www.espace-plus.net/redir/rotation_redir.php?id_rotation=453&soft=1&w=0&e=1,95,94,131,160,600,v
8383,com,image/out/4f3e33eda3a438859ef69d4c61bf52f385ab9241.gif,,227,78,90,120,600,v
8395,ru,image/out/ceac2500632619ae1884c3b2c0a260196c56a492.gif,http://ad.adriver.ru/cgi-bin/click.cgi?sid=48250&ad=451421&bid=3283668&bt=52&bn=2&pz=9&xpid=BvlXl0mSwoIBKeZ_VnwbvF_KYTdU&ref=http://www.gismeteo.ru/&custom=1=cloud;2=20-30&rleurl=,192,208,143,240,400,v
8398,br,image/out/37bd97e14eaac47b55b9e18b11b70371704c2c76(.),http://adclick.g.doubleclick.net/aclk%3Fsa%3DL%26ai%3DBOX07bSliU9bMFNas8gXv6YKIB9aZlaYFAAAAEAEgjuiuITgAWO7wv82zAWCJi8SE9BOyARR3d3cuZm9saGEudW9sLmNvbS5icroBCWdmcF9pbWFnZcgBCdoBHGh0dHA6Ly93d3cuZm9saGEudW9sLmNvbS5ici-pAvWd6ks3C54-wAIC4AIA6gIQLzg4MDQvZm9saGEva,112,128,137,300,600,v
8400,nl,image/out/2b6bbc472429e0df9ec4dd622c9c0cdb668fafb6.jpg,http://ad.360yield.com/click/rtC.KFlsXHB4BOBgn7uSIy5-.8szkDMsgvJIu4Sli5LL.hqtRUuyNEGzAJK2sNTnjLpcFYaqEH0Fx0aYL7nnJL7vAJkv.PGkxNyM5ULMxrU7pq7yWkb0qLHayNWmPJ9kyL3wR3OL5NxEHQeKZxdWT-nyNXnCJ6lvNn5ma4VzCRLiJNzEqOw9rM2FI9NqYcSi0obZX0YRQDk846kR45aKkf.8TiyWsZn7K4T,183,183,137,120,600,v
8407,com,image/out/ba66dff7413abb32429f3b10791714be7b61cf01.jpg,http://network.aufeminin.com/diff/1/3242106/go0.asp?3242106;1;3896395492190782251;401402982;S;target=popoutok;popoutbarterok;france=1;new_page;ajax=0;login=0;ae=0;new_ref;new_visit;asiPqTag=1;10364972;clickvars=,131,107,165,300,600,v
8417,com,image/out/f42a3a4b3c928da30f907e643aa4a30947ecbfb9(.),http://googleads.g.doubleclick.net/aclk?sa=L&ai=C3Pe1wC5iU8vBDcywmgWawYGQCqWYnsgGAAAQASClpfweUNi3qPP6_____wFgiYvEhPQTyAECqQJggDztvG8ePuACAKgDAcgDnQSqBHFP0DMx4OW6tfgl4ntnAE_yCmn0naAG6QW2yQ9IjSMc9I3492XX4iVM5XqG0L0KZEqbubsd9SJGRoTmMIspABhQpRzWCEmcXUojii0VBal,215,185,193,110,140,v
8419,lt,image/out/b9443e6817bd25e9b0a66824c8506a3de9915285.jpg,,191,164,165,200,250,v
8429,net,image/out/6405aba6965778ef1628f4823603ec7fed56f176(.),http://www.googleadservices.com/pagead/aclk?sa=L&ai=CVrkXGzRiU-XlCpK18AXJqILwDJKEjqgEwpzC3H-cxaLeMhABIO6c4yFQ1dGz0vn_____AWCJi8SE9BOgAfbDhNsDyAECqQJhPb_-nCivPuACAKgDAcgDnQSqBJkBT9CTci6K-C4RxlYVFB-JZZNXyIXlmlwPmr3QlAdUwNscmjvgITT4_UG7ngr1HAb8Jp8c8L0s1E53XeV,212,197,192,160,600,v
8439,to,image/out/a60d71b56bd7752a18c96b80f363c5d9fc65dee0.gif,http://www.adcash.com/script/pop_packcpm.php?k=5362376895b3f791952.1225513&h=7f2bac67d44c65c3c8b566bc58ba5af4393140ee&id=0&ban=791952&r=212210&ref=h&data=,88,85,60,120,600,v
8465,ru,image/out/9a9edba948882f12ae7f4e704ce542e11f0d9bf6.jpg,http://www30a6.glam.com/gad/click.act?0383-_gclickid=gaclk19641908491-_advid=50000239-_adid=5000003543-_crid=500002439-_aipid=201405010140-_ge_=1^2^0a340f1303dee05011cb8700aa2f63c8-sz=120x600-zone=/-ord=588910586666315.8-afid=1684398351-dsid=1684398351-sid,208,199,202,120,600,v
8474,uk,image/out/7421125585a16c97fc18ca865ba620964973827b(.),http://www.googleadservices.com/pagead/aclk?sa=L&ai=C3hq0Xz5iU-2sEdSu8gWG1IDYCPHAjNQEycmZ14sB6bHj1_MBEAEg5daPAlCb_c-9_P____8BYImLxIT0E6ABo9Lb_APIAQPgAgCoAwHIA50EqgSgAU_QBLE_Y1ujZN7yhP5lw3w31MRclEDkZKKxO83eiNTZiXNZvXVe60TnufqaHu39Y-UU1TLgPL6BJdGktQ_SZV8tQ0R,186,210,144,160,600,v
8480,com,image/out/d300dbdb931be6ebca2fef13f068042dd183b238(.),http://googleads.g.doubleclick.net/aclk?sa=L&ai=CabSzBEFiU-LKEse18gXNvoC4C9eDh-sEAAAQASAAUKKp1eUDYImLxIT0E4IBF2NhLXB1Yi02ODg4MzMwNzgwMzM5NTk1yAED4AIAqAMBqgSCAU_QF8A7S9D7Z1AeMU8nQc09ZY_3hrZnSAz4FQlQX_S8OAJix--gbKtbY4hC6lgaKI75HlC3TCC9ybCoO92RZuY3uHi5Ey7CHcB,214,201,174,160,600,v
8488,com,image/out/2c650a66851e2b94e31c492761bba9772a90e056(.),http://www.googleadservices.com/pagead/aclk?sa=L&ai=CmGGZukliU4m3K4739QWcyYDIBtyAs8gG9OWzgI8BwI23ARABIJWnqxxQn-LJmgNgiYvEhPQToAGstZziA8gBAuACAKgDAcgDnQSqBJoBT9Az98UpcEtJXCoyFN9iGEHAYogGozNMfelMgxeEOZpiWZ-SYkm9tq11vg52tbTTWsjbe32zSkJMDuuScLVbVMWUMvPnPhD7D_n,243,236,231,160,600,v
8492,ua,image/out/520d71e452ad877135bc5064e60e7001470666e5.jpg,http://ua.adriver.ru/cgi-bin/click.cgi?sid=168072&ad=351596&bid=3336392&bt=52&bn=2&pz=0&xpid=BGZ1W_5yCAOESPPsCvYSKxSxZb1w&ref=http://tyzhden.ua/&custom=&rleurl=,70,63,62,240,400,v
8504,com,image/out/50019e39b308af1b7081538b0c14561fb58b4a37(.),http://googleads.g.doubleclick.net/aclk?sa=L&ai=CYMgaY01iU_mmAcT-mgWdq4GAC-u-j88GAAAQASCr3-0iUOGtzZb8_____wFgiYvEhPQTyAEC4AIAqAMByAOdBKoEqAFP0MEdkDVMM--aA4_6bAGrp3F21wlTdJqNMvgbf1vLYkgTJtc8pQtV4b3JXtn7aytS-yO5WOaHIaACiD4goliazyntAevH9lN7i0-LHwDvuTjJKjxTNtK,215,199,195,300,600,v
8549,com,image/out/b37a0fba91152fbab837465f2ae3f09bbc95071f(.),http://www.flipkart.com/moto-g/p/itmdsmbxcrm9wy8r?pid=MOBDSGU2ZMDYENQA&otracker=hp_mod_electronics_bestseller_prd_img,129,94,70,64,125,v
8551,com,image/out/843540ffced23bdb48f5371e53e1101cedbdb499(.),http://www.flipkart.com/samsung-galaxy-s-duos-2-s7582/p/itmdqzpfvmmzzxme?pid=MOBDQZPYAZSDKBWH&otracker=hp_mod_electronics_bestseller_prd_img,152,171,192,66,125,v
8552,com,image/out/d291745484df1e88fa8baa67e4cbdcaf60549532(.),http://www.flipkart.com/lenovo-idea-tab-a1000-tablet/p/itmdtgc5bg8qkwzt?pid=TABDMZR8JCJVHRMZ&otracker=hp_mod_electronics_bestseller_prd_img,112,118,118,76,125,v
8555,com,image/out/81b995eaa71307fadf9a2df4b97fa4aa304dab90(.),http://www.flipkart.com/titan-analog-watch-men/p/itmdu5sttqpvhf7e?pid=WATDU5STTQPVHF7E&otracker=hp_mod_lifestyle_new-arrivals_prd_img,220,214,204,48,125,v
8556,com,image/out/95269f7f931bea4d486acbb96e6b9a9b262faff6(.),http://www.flipkart.com/careful-you-wish/p/itmduz9bbvw9ctyt?pid=9781447265092&otracker=hp_mod_books_bestseller_prd_img,183,194,189,81,125,v
8557,com,image/out/7669db7213a56a9d075c5d8e75a16fb8a0f6f7bb(.),http://www.flipkart.com/2-states-story-my-marriage/p/itmdvq4k7qgfaywe?pid=9788129115300&otracker=hp_mod_books_bestseller_prd_img,227,67,11,80,125,v
8558,com,image/out/a92a1285a051b558030ae5d29f9d66ffd3b04691(.),http://www.flipkart.com/accidental-prime-minister-making-unmaking-manmohan-singh/p/itm9780670086740?pid=9780670086740&otracker=hp_mod_books_bestseller_prd_img,124,106,99,82,125,v
8559,com,image/out/b028684999e97568624f439231c767f7c77c9f86(.),http://www.flipkart.com/wings-fire-autobiography-1st/p/itmdyu8fezqmmvhe?pid=9788173711466&otracker=hp_mod_books_bestseller_prd_img,114,93,77,81,125,v
8566,com,image/out/043934fef5d30b253945073ec57d68b2835562c2.jpg,http://www.myntra.com/shop/nike-womens,172,179,186,188,240,v
8567,com,image/out/7cbdae4da8070f3b9849d9fe8368bdae7ff55087.jpg,http://www.myntra.com/men-bags-backpacks?hpbnr=tn-accessories-mens-backpacks-23Sep,184,194,219,188,240,v
8568,com,image/out/bc34f0f7e65e179ae176898aeedb01df6edc954e.jpg,http://www.myntra.com/elle-kids?hpbnr=tn-kids-elle-2oct,188,189,190,188,240,v
8569,com,image/out/c3ec4cf3767af4855199a93cc7b026e09341650f.jpg,http://www.myntra.com/united-colors-of-benetton-kids?hpbnr=tn-ucb-kids-new-2oct,162,153,141,188,240,v
8570,com,image/out/bd6445cb3096c9941653ac7dc2e63a95d92c6e58.jpg,http://www.myntra.com/shop/the-football-shop,112,111,96,188,240,v
8571,com,image/out/ebe1045dd3f1a31b642cbda9fb7cf28d95305b17.jpg,http://bit.ly/nautical-trend,163,157,159,188,240,v
8595,com,image/out/dc97cca05d718b35dcdfd2680d5899f39b216e68.jpg,http://www.snapdeal.com/products/women-apparel?q=EndOfSeasonSale_s:Brands&sort=bstlr,151,128,113,182,300,v
8599,br,image/out/bbf1a607c1952ea4c5998f17238dc9a8ae061905.gif,http://rm.estadao.com.br/RealMedia/ads/click_lx.ads/estadao/home/L12/1751092432/x01/Estadao/calhau_estadao_d990_300x600_28032014/d990_digital_ed_bigtower_300x600_28032014.html/323238304b314e69566f6f4141765630,89,152,175,300,600,v
8630,com,image/out/3723910b2700cd4642fab7e252ef4d090217d781.png,http://www.homedit.com/book/,219,219,219,160,520,v
8749,com,image/out/d1388d70d5038d008325a8d6b40fc40b27fee794(.),http://googleads.g.doubleclick.net/aclk?sa=L&ai=ChBHZSl5iU476J42ymgW8yIDQDNT2-twEAAAQASCsrYwaUJfmt4D-_____wFgiYvEhPQTyAEC4AIAqAMByAOdBKoEgAFP0Epcg6hLSzVgWVRYA0k_frUu3TBdmsT_ITA0oNTRhyyPzpD-3xYLaUcFaNZerMGtbAPsw93VOFfo8_OexVO-6Hd40e5_7EnITvv5lPOw6xKc0fCKHbN,31,61,128,300,600,v
8822,it,image/out/d8ea569dd4c9918a04f739943625d835521a56a0.jpg,http://cinema.sky.it/cinema/,136,129,125,300,600,v
8857,com,image/out/c8486da7cdc4612edc5396028fed61deb838e433.jpg,,146,103,152,134,204,v
8906,de,image/out/8fc527e1b1d3be253d5766e56d97cde64460c0af.jpg,,157,144,100,160,420,v
8933,org,image/out/39bc310a109751ef56fc6e764fb1960fecaab8a4.jpg,,210,209,209,399,517,v
8941,org,image/out/a4440d7229078f21840dd314800778fcc5f1fe66.jpg,,206,206,205,398,517,v
8944,com,image/out/1e95cae80b4f112cc12a1f511ad27c838613a487.jpg,http://waterlifepublishing.com/Store/tabid/40/List/0/ProductID/13/Default.aspx,139,99,89,112,150,v
8947,com,image/out/0f0458b551259a4da741d5925621c15f752ed724.jpg,http://waterlifepublishing.com/Store/tabid/40/List/0/ProductID/13/Default.aspx,139,99,89,112,150,v
8968,com,image/out/f965a353790c62d2f1b15323300484db10d5fcd9(.),http://www.googleadservices.com/pagead/aclk?sa=L&ai=CZWX5MHhiU4CHK8Gs8gWEv4HYBuud-_UE27Sf53_AjbcBEAEgmfOiAlCW4qSBBmCJi8SE9BOgAfGLrf4DyAECqQKWZCAG9f1EPuACAKgDAcgDnQSqBKABT9AbREZMTbSTqjuPvboZgY_4GBQo3LQQgd6X25y71lO2qX_CaRW9nh1w0vxVQ6WRLOB7JTq7Gl4mtI1IBOP_MSv,201,183,183,160,600,v
9032,tv,image/out/64b8143d7ba28245fbf9bc48abe1b1999ffc0c40.jpg,,119,83,29,200,290,v
9100,vn,image/out/cb93e1fa3a63eb591d7c57c3acd4342e85f86a72.jpg,http://www.coophomeshopping.vn/,231,213,209,130,180,v
9102,vn,image/out/d3fc102e9eb96af6f375664e9ee797655cd003bc.jpg,,38,48,22,189,377,v
9108,ru,image/out/7791cea7299ee36ef564ed7c8facadea1859410f.jpg,http://ad.adriver.ru/cgi-bin/click.cgi?sid=171392&ad=270902&bid=3334372&bt=52&bn=3&pz=1&xpid=BH1WhJQgBhyzEMiUUNPBhfIDLHCk&ref=http://stream.1tv.ru/live&custom=&rleurl=,152,192,218,240,400,v
9109,ru,image/out/3c3117a7b8184818562888713d36cfebda183851.jpg,http://www.m24.ru/articles/43065,119,105,102,126,540,v
9110,ru,image/out/d957a45a4ed2479bc47fab486d62719c5c38a0f5.png,http://www.m24.ru/docs/lyceum/,96,114,128,126,540,v
9111,ru,image/out/6bcd5d554c8466a2d7457e729c832b20960a5599.png,http://crowd.mos.ru/,105,118,126,126,540,v
9112,ru,image/out/7a0226ae638e63919d521fc5f45f24c592749630.png,http://sosedi.ru/m24?utm_source=m24&utm_medium=CPM&utm_campaign=240X400,122,158,191,240,400,v
9119,ru,image/out/daa8525e8ac5b0e0fb0aa76bd2df84b9a7a21ae5.jpg,http://ad.adriver.ru/cgi-bin/click.cgi?sid=171392&ad=270902&bid=3334372&bt=52&bn=3&pz=1&xpid=B8fW1ANVhiKX6y5pwaH4ag-sQ0XU&ref=http://stream.1tv.ru/live&custom=&rleurl=,152,192,218,240,400,v
9127,tv,image/out/dd299488d20c81f476aea4a7ed09b7314f598970.jpg,http://sovsekretno.ru/,194,167,158,200,500,v
9128,tv,image/out/167bae418cd72675e0f26beb6a0cbef1b2450875.jpg,http://quartsoft.com/?utm_source=sovsecretno&utm_medium=banner&utm_campaign=sovsecretnobanner,86,71,67,200,349,v
9136,com,image/out/4d5e25acb92da01176799a4338e39f98184875fa.gif,http://regie.espace-plus.net/www/delivery/ck.php?&esp_id=71267&esp_tracker=ZT-160600MNS&oaparams=2__bannerid=15104__zoneid=16862__cb=5f86a50b98__maxdest=http://www.espace-plus.net/redir/rotation_redir.php?id_rotation=510&soft=1&w=0&e=1,205,192,192,160,600,v